CatAqft,T,2,1,0,
CatAqft,T,2,2,0,
CatAqft,T,2,3,0,
CatAqft,T,2,4,0,
CatAqft,T,2,5,0,
CatAqft,T,2,6,0,
CatAqft,T,2,7,0,
CatAqft,T,2,8,0,
CatAqft,T,2,9,0,
CatAqft,T,2,10,0,
CatAqft,T,3,1,0,
CatAqft,T,3,2,0,
CatAqft,T,3,3,0,
CatAqft,T,3,4,0,
CatAqft,T,3,5,0,
CatAqft,T,3,6,0,
CatAqft,T,3,7,0,
CatAqft,T,3,8,0,
CatAqft,T,3,9,0,
CatAqft,T,3,10,0,
CatAqft,T,4,1,114,4
CatAqft,T,4,2,134,4
CatAqft,T,4,3,168,4
CatAqft,T,4,4,188,4
CatAqft,T,4,5,210,4
CatAqft,T,4,6,232,4
CatAqft,T,4,7,254,4
CatAqft,T,4,8,278,4
CatAqft,T,4,9,306,4
CatAqft,T,4,10,322,4
CatAqft,T,5,1,196,5
CatAqft,T,5,2,238,5
CatAqft,T,5,3,276,5
CatAqft,T,5,4,312,5
CatAqft,T,5,5,342,5
CatAqft,T,5,6,378,5
CatAqft,T,5,7,412,5
CatAqft,T,5,8,444,5
CatAqft,T,5,9,472,5
CatAqft,T,5,10,506,5
CatAqft,T,6,1,312,6
CatAqft,T,6,2,350,6
CatAqft,T,6,3,394,6
CatAqft,T,6,4,444,6
CatAqft,T,6,5,490,6
CatAqft,T,6,6,530,6
CatAqft,T,6,7,580,6
CatAqft,T,6,8,614,6
CatAqft,T,6,9,660,6
CatAqft,T,6,10,704,6
CatAqft,T,7,1,400,6
CatAqft,T,7,2,490,7
CatAqft,T,7,3,550,7
CatAqft,T,7,4,604,7
CatAqft,T,7,5,656,7
CatAqft,T,7,6,700,7
CatAqft,T,7,7,762,7
CatAqft,T,7,8,820,7
CatAqft,T,7,9,860,7
CatAqft,T,7,10,918,7
CatAqft,T,8,1,544,7
CatAqft,T,8,2,638,8
CatAqft,T,8,3,704,8
CatAqft,T,8,4,772,8
CatAqft,T,8,5,832,8
CatAqft,T,8,6,902,8
CatAqft,T,8,7,966,8
CatAqft,T,8,8,1028,8
CatAqft,T,8,9,1086,8
CatAqft,T,8,10,1148,8
CatAqft,T,9,1,652,7
CatAqft,T,9,2,822,9
CatAqft,T,9,3,890,9
CatAqft,T,9,4,952,9
CatAqft,T,9,5,1030,9
CatAqft,T,9,6,1112,9
CatAqft,T,9,7,1190,9
CatAqft,T,9,8,1260,9
CatAqft,T,9,9,1332,9
CatAqft,T,9,10,1394,9
CatAqft,T,10,1,822,8
CatAqft,T,10,2,978,9
CatAqft,T,10,3,1080,10
CatAqft,T,10,4,1160,10
CatAqft,T,10,5,1246,10
CatAqft,T,10,6,1346,10
CatAqft,T,10,7,1422,10
CatAqft,T,10,8,1510,10
CatAqft,T,10,9,1590,10
CatAqft,T,10,10,1670,10
CatAqft,T,11,1,942,8
CatAqft,T,11,2,1168,10
CatAqft,T,11,3,1296,11
CatAqft,T,11,4,1390,11
CatAqft,T,11,5,1474,11
CatAqft,T,11,6,1590,11
CatAqft,T,11,7,1686,11
CatAqft,T,11,8,1772,11
CatAqft,T,11,9,1854,11
CatAqft,T,11,10,1948,11
CatAqft,T,12,1,1086,8
CatAqft,T,12,2,1352,10
CatAqft,T,12,3,1534,12
CatAqft,T,12,4,1634,12
CatAqft,T,12,5,1724,12
CatAqft,T,12,6,1848,12
CatAqft,T,12,7,1954,12
CatAqft,T,12,8,2052,12
CatAqft,T,12,9,2158,12
CatAqft,T,12,10,2262,12
CatAqft,T,13,1,1284,9
CatAqft,T,13,2,1554,11
CatAqft,T,13,3,1772,12
CatAqft,T,13,4,1900,13
CatAqft,T,13,5,2004,13
CatAqft,T,13,6,2120,13
CatAqft,T,13,7,2236,13
CatAqft,T,13,8,2346,13
CatAqft,T,13,9,2468,13
CatAqft,T,13,10,2584,13
CatAqft,T,14,1,1430,9
CatAqft,T,14,2,1742,11
CatAqft,T,14,3,2004,13
CatAqft,T,14,4,2182,14
CatAqft,T,14,5,2284,14
CatAqft,T,14,6,2416,14
CatAqft,T,14,7,2540,14
CatAqft,T,14,8,2664,14
CatAqft,T,14,9,2794,14
CatAqft,T,14,10,2914,14
CatAqft,T,15,1,1562,9
CatAqft,T,15,2,1990,11
CatAqft,T,15,3,2272,14
CatAqft,T,15,4,2468,15
CatAqft,T,15,5,2588,15
CatAqft,T,15,6,2722,15
CatAqft,T,15,7,2862,15
CatAqft,T,15,8,3002,15
CatAqft,T,15,9,3136,15
CatAqft,T,15,10,3268,15
CatAqft,T,16,1,1726,9
CatAqft,T,16,2,2176,12
CatAqft,T,16,3,2504,14
CatAqft,T,16,4,2774,16
CatAqft,T,16,5,2902,16
CatAqft,T,16,6,3054,16
CatAqft,T,16,7,3206,16
CatAqft,T,16,8,3348,16
CatAqft,T,16,9,3486,16
CatAqft,T,16,10,3636,16
CatAqft,T,17,1,1868,9
CatAqft,T,17,2,2382,12
CatAqft,T,17,3,2786,14
CatAqft,T,17,4,3060,16
CatAqft,T,17,5,3246,17
CatAqft,T,17,6,3396,17
CatAqft,T,17,7,3564,17
CatAqft,T,17,8,3708,17
CatAqft,T,17,9,3864,17
CatAqft,T,17,10,4028,17
CatAqft,T,18,1,2062,9
CatAqft,T,18,2,2590,12
CatAqft,T,18,3,3044,15
CatAqft,T,18,4,3382,17
CatAqft,T,18,5,3614,18
CatAqft,T,18,6,3754,18
CatAqft,T,18,7,3928,18
CatAqft,T,18,8,4084,18
CatAqft,T,18,9,4250,18
CatAqft,T,18,10,4428,18
CatAqft,T,19,1,2270,10
CatAqft,T,19,2,2808,12
CatAqft,T,19,3,3292,15
CatAqft,T,19,4,3678,17
CatAqft,T,19,5,3986,19
CatAqft,T,19,6,4136,19
CatAqft,T,19,7,4330,19
CatAqft,T,19,8,4494,19
CatAqft,T,19,9,4656,19
CatAqft,T,19,10,4842,19
CatAqft,T,20,1,2440,10
CatAqft,T,20,2,3082,13
CatAqft,T,20,3,3578,15
CatAqft,T,20,4,4030,18
CatAqft,T,20,5,4352,19
CatAqft,T,20,6,4540,20
CatAqft,T,20,7,4730,20
CatAqft,T,20,8,4900,20
CatAqft,T,20,9,5080,20
CatAqft,T,20,10,5286,20
Aqft,T,2,1,0,
Aqft,T,2,2,0,
Aqft,T,2,3,0,
Aqft,T,2,4,0,
Aqft,T,2,5,0,
Aqft,T,2,6,0,
Aqft,T,2,7,0,
Aqft,T,2,8,0,
Aqft,T,2,9,0,
Aqft,T,2,10,0,
Aqft,T,3,1,0,
Aqft,T,3,2,0,
Aqft,T,3,3,0,
Aqft,T,3,4,0,
Aqft,T,3,5,0,
Aqft,T,3,6,0,
Aqft,T,3,7,0,
Aqft,T,3,8,0,
Aqft,T,3,9,0,
Aqft,T,3,10,0,
Aqft,T,4,1,43,4
Aqft,T,4,2,53,4
Aqft,T,4,3,67,4
Aqft,T,4,4,75,4
Aqft,T,4,5,85,4
Aqft,T,4,6,91,4
Aqft,T,4,7,105,4
Aqft,T,4,8,115,4
Aqft,T,4,9,125,4
Aqft,T,4,10,133,4
Aqft,T,5,1,105,5
Aqft,T,5,2,133,5
Aqft,T,5,3,169,5
Aqft,T,5,4,201,5
Aqft,T,5,5,231,5
Aqft,T,5,6,257,5
Aqft,T,5,7,293,5
Aqft,T,5,8,321,5
Aqft,T,5,9,341,5
Aqft,T,5,10,381,5
Aqft,T,6,1,203,6
Aqft,T,6,2,255,6
Aqft,T,6,3,317,6
Aqft,T,6,4,385,6
Aqft,T,6,5,443,6
Aqft,T,6,6,505,6
Aqft,T,6,7,577,6
Aqft,T,6,8,619,6
Aqft,T,6,9,685,6
Aqft,T,6,10,735,6
Aqft,T,7,1,311,6
Aqft,T,7,2,427,7
Aqft,T,7,3,517,7
Aqft,T,7,4,645,7
Aqft,T,7,5,735,7
Aqft,T,7,6,831,7
Aqft,T,7,7,945,7
Aqft,T,7,8,1057,7
Aqft,T,7,9,1133,7
Aqft,T,7,10,1241,7
Aqft,T,8,1,495,7
Aqft,T,8,2,635,8
Aqft,T,8,3,807,8
Aqft,T,8,4,965,8
Aqft,T,8,5,1115,8
Aqft,T,8,6,1277,8
Aqft,T,8,7,1415,8
Aqft,T,8,8,1573,8
Aqft,T,8,9,1699,8
Aqft,T,8,10,1847,8
Aqft,T,9,1,651,7
Aqft,T,9,2,967,9
Aqft,T,9,3,1155,9
Aqft,T,9,4,1345,9
Aqft,T,9,5,1573,9
Aqft,T,9,6,1813,9
Aqft,T,9,7,2043,9
Aqft,T,9,8,2213,9
Aqft,T,9,9,2411,9
Aqft,T,9,10,2617,9
Aqft,T,10,1,889,8
Aqft,T,10,2,1295,10
Aqft,T,10,3,1551,10
Aqft,T,10,4,1825,10
Aqft,T,10,5,2081,10
Aqft,T,10,6,2439,10
Aqft,T,10,7,2701,10
Aqft,T,10,8,2967,10
Aqft,T,10,9,3243,10
Aqft,T,10,10,3499,10
Aqft,T,11,1,1091,8
Aqft,T,11,2,1691,11
Aqft,T,11,3,2003,11
Aqft,T,11,4,2385,11
Aqft,T,11,5,2683,11
Aqft,T,11,6,3155,11
Aqft,T,11,7,3525,11
Aqft,T,11,8,3833,11
Aqft,T,11,9,4161,11
Aqft,T,11,10,4495,11
Aqft,T,12,1,1409,9
Aqft,T,12,2,2113,11
Aqft,T,12,3,2561,12
Aqft,T,12,4,3011,12
Aqft,T,12,5,3391,12
Aqft,T,12,6,3979,12
Aqft,T,12,7,4395,12
Aqft,T,12,8,4821,12
Aqft,T,12,9,5267,12
Aqft,T,12,10,5693,12
Aqft,T,13,1,1687,9
Aqft,T,13,2,2509,11
Aqft,T,13,3,3153,13
Aqft,T,13,4,3749,13
Aqft,T,13,5,4243,13
Aqft,T,13,6,4819,13
Aqft,T,13,7,5381,13
Aqft,T,13,8,5919,13
Aqft,T,13,9,6483,13
Aqft,T,13,10,7071,13
Aqft,T,14,1,2001,9
Aqft,T,14,2,3013,12
Aqft,T,14,3,3865,14
Aqft,T,14,4,4541,14
Aqft,T,14,5,5119,14
Aqft,T,14,6,5823,14
Aqft,T,14,7,6475,14
Aqft,T,14,8,7195,14
Aqft,T,14,9,7817,14
Aqft,T,14,10,8499,14
Aqft,T,15,1,2301,9
Aqft,T,15,2,3541,12
Aqft,T,15,3,4553,15
Aqft,T,15,4,5417,15
Aqft,T,15,5,6045,15
Aqft,T,15,6,6915,15
Aqft,T,15,7,7727,15
Aqft,T,15,8,8527,15
Aqft,T,15,9,9379,15
Aqft,T,15,10,10153,15
Aqft,T,16,1,2727,10
Aqft,T,16,2,4103,12
Aqft,T,16,3,5365,14
Aqft,T,16,4,6319,16
Aqft,T,16,5,7143,16
Aqft,T,16,6,8167,16
Aqft,T,16,7,9113,16
Aqft,T,16,8,9979,16
Aqft,T,16,9,10869,16
Aqft,T,16,10,11819,16
Aqft,T,17,1,3041,10
Aqft,T,17,2,4789,13
Aqft,T,17,3,6165,15
Aqft,T,17,4,7323,17
Aqft,T,17,5,8367,17
Aqft,T,17,6,9407,17
Aqft,T,17,7,10591,17
Aqft,T,17,8,11543,17
Aqft,T,17,9,12667,17
Aqft,T,17,10,13755,17
Aqft,T,18,1,3357,10
Aqft,T,18,2,5323,13
Aqft,T,18,3,7013,15
Aqft,T,18,4,8417,18
Aqft,T,18,5,9691,18
Aqft,T,18,6,10789,18
Aqft,T,18,7,12129,18
Aqft,T,18,8,13169,18
Aqft,T,18,9,14413,18
Aqft,T,18,10,15737,18
Aqft,T,19,1,3689,10
Aqft,T,19,2,6041,13
Aqft,T,19,3,7911,16
Aqft,T,19,4,9549,19
Aqft,T,19,5,11083,19
Aqft,T,19,6,12281,19
Aqft,T,19,7,13827,19
Aqft,T,19,8,15069,19
Aqft,T,19,9,16421,19
Aqft,T,19,10,17853,19
Aqft,T,20,1,4319,10
Aqft,T,20,2,6653,13
Aqft,T,20,3,8837,16
Aqft,T,20,4,10859,19
Aqft,T,20,5,12555,20
Aqft,T,20,6,13965,20
Aqft,T,20,7,15625,20
Aqft,T,20,8,16951,20
Aqft,T,20,9,18459,20
Aqft,T,20,10,20173,20
Aqft,T,21,1,4669,11
Aqft,T,21,2,7333,13
Aqft,T,21,3,9695,16
Aqft,T,21,4,12165,19
Aqft,T,21,5,14091,21
Aqft,T,21,6,15767,21
Aqft,T,21,7,17459,21
Aqft,T,21,8,18979,21
Aqft,T,21,9,20751,21
Aqft,T,21,10,22683,21
Aqft,T,22,1,5083,11
Aqft,T,22,2,7957,13
Aqft,T,22,3,10721,16
Aqft,T,22,4,13419,19
Aqft,T,22,5,15685,22
Aqft,T,22,6,17469,22
Aqft,T,22,7,19515,22
Aqft,T,22,8,21169,22
Aqft,T,22,9,23249,22
Aqft,T,22,10,25283,22
Aqft,T,23,1,5551,10
Aqft,T,23,2,8735,13
Aqft,T,23,3,11899,17
Aqft,T,23,4,14749,19
Aqft,T,23,5,17585,23
Aqft,T,23,6,19581,23
Aqft,T,23,7,21627,23
Aqft,T,23,8,23625,23
Aqft,T,23,9,25679,23
Aqft,T,23,10,28077,23
Aqft,T,24,1,5915,10
Aqft,T,24,2,9453,14
Aqft,T,24,3,12887,17
Aqft,T,24,4,16061,19
Aqft,T,24,5,19383,23
Aqft,T,24,6,21673,24
Aqft,T,24,7,23841,24
Aqft,T,24,8,25975,24
Aqft,T,24,9,28335,24
Aqft,T,24,10,30989,24
Aqft,T,25,1,6349,10
Aqft,T,25,2,10165,14
Aqft,T,25,3,13799,17
Aqft,T,25,4,17527,20
Aqft,T,25,5,21289,23
Aqft,T,25,6,23835,25
Aqft,T,25,7,26259,25
Aqft,T,25,8,28849,25
Aqft,T,25,9,31121,25
Aqft,T,25,10,33953,25
Aqft,T,26,1,7043,11
Aqft,T,26,2,10835,14
Aqft,T,26,3,14851,17
Aqft,T,26,4,18881,20
Aqft,T,26,5,22967,22
Aqft,T,26,6,26085,26
Aqft,T,26,7,28661,26
Aqft,T,26,8,31511,26
Aqft,T,26,9,34093,26
Aqft,T,26,10,37191,26
Aqft,T,27,1,7425,11
Aqft,T,27,2,11471,14
Aqft,T,27,3,16053,17
Aqft,T,27,4,20255,20
Aqft,T,27,5,25035,23
Aqft,T,27,6,28515,27
Aqft,T,27,7,31273,27
Aqft,T,27,8,34227,27
Aqft,T,27,9,37071,27
Aqft,T,27,10,40455,27
Aqft,T,28,1,7793,11
Aqft,T,28,2,12379,14
Aqft,T,28,3,17303,17
Aqft,T,28,4,21861,20
Aqft,T,28,5,26817,23
Aqft,T,28,6,30953,25
Aqft,T,28,7,33999,28
Aqft,T,28,8,37149,28
Aqft,T,28,9,40641,28
Aqft,T,28,10,43949,28
Aqft,T,29,1,8243,11
Aqft,T,29,2,12991,14
Aqft,T,29,3,18345,17
Aqft,T,29,4,23417,20
Aqft,T,29,5,28631,23
Aqft,T,29,6,33241,26
Aqft,T,29,7,36725,29
Aqft,T,29,8,40229,29
Aqft,T,29,9,44021,29
Aqft,T,29,10,47493,29
Aqft,T,30,1,8691,11
Aqft,T,30,2,13769,14
Aqft,T,30,3,19447,18
Aqft,T,30,4,24971,21
Aqft,T,30,5,30669,23
Aqft,T,30,6,35727,26
Aqft,T,30,7,39835,30
Aqft,T,30,8,43523,30
Aqft,T,30,9,47303,30
Aqft,T,30,10,51231,30
Aqft,T,31,1,9109,11
Aqft,T,31,2,14459,14
Aqft,T,31,3,20751,17
Aqft,T,31,4,26507,20
Aqft,T,31,5,32703,23
Aqft,T,31,6,38137,26
Aqft,T,31,7,42987,29
Aqft,T,31,8,47063,31
Aqft,T,31,9,51177,31
Aqft,T,31,10,55175,31
Aqft,T,32,1,9593,11
Aqft,T,32,2,15239,14
Aqft,T,32,3,21705,17
Aqft,T,32,4,28137,21
Aqft,T,32,5,34791,24
Aqft,T,32,6,40803,26
Aqft,T,32,7,46105,29
Aqft,T,32,8,50603,31
Aqft,T,32,9,54905,32
Aqft,T,32,10,59289,32
CatAqft,T,21,1,2592,10
CatAqft,T,21,2,3292,13
CatAqft,T,21,3,3878,16
CatAqft,T,21,4,4322,18
CatAqft,T,21,5,4716,20
CatAqft,T,21,6,4966,21
CatAqft,T,21,7,5150,21
CatAqft,T,21,8,5330,21
CatAqft,T,21,9,5520,21
CatAqft,T,21,10,5742,21
CatAqft,T,22,1,2744,10
CatAqft,T,22,2,3490,13
CatAqft,T,22,3,4134,16
CatAqft,T,22,4,4652,18
CatAqft,T,22,5,5090,20
CatAqft,T,22,6,5388,22
CatAqft,T,22,7,5588,22
CatAqft,T,22,8,5774,22
CatAqft,T,22,9,5984,22
CatAqft,T,22,10,6206,22
CatAqft,T,23,1,2892,10
CatAqft,T,23,2,3698,13
CatAqft,T,23,3,4384,16
CatAqft,T,23,4,5012,19
CatAqft,T,23,5,5486,21
CatAqft,T,23,6,5844,23
CatAqft,T,23,7,6048,23
CatAqft,T,23,8,6250,23
CatAqft,T,23,9,6450,23
CatAqft,T,23,10,6694,23
CatAqft,T,24,1,3044,10
CatAqft,T,24,2,3908,13
CatAqft,T,24,3,4676,16
CatAqft,T,24,4,5312,19
CatAqft,T,24,5,5838,21
CatAqft,T,24,6,6262,23
CatAqft,T,24,7,6526,24
CatAqft,T,24,8,6726,24
CatAqft,T,24,9,6942,24
CatAqft,T,24,10,7196,24
CatAqft,T,25,1,3196,10
CatAqft,T,25,2,4116,13
CatAqft,T,25,3,4936,16
CatAqft,T,25,4,5636,19
CatAqft,T,25,5,6274,22
CatAqft,T,25,6,6724,24
CatAqft,T,25,7,7026,25
CatAqft,T,25,8,7246,25
CatAqft,T,25,9,7464,25
CatAqft,T,25,10,7712,25
CatAqft,T,26,1,3368,10
CatAqft,T,26,2,4342,13
CatAqft,T,26,3,5202,16
CatAqft,T,26,4,5954,19
CatAqft,T,26,5,6614,22
CatAqft,T,26,6,7130,24
CatAqft,T,26,7,7532,26
CatAqft,T,26,8,7774,26
CatAqft,T,26,9,7992,26
CatAqft,T,26,10,8246,26
CatAqft,T,27,1,3568,10
CatAqft,T,27,2,4704,13
CatAqft,T,27,3,5514,16
CatAqft,T,27,4,6308,19
CatAqft,T,27,5,6990,22
CatAqft,T,27,6,7588,24
CatAqft,T,27,7,7988,26
CatAqft,T,27,8,8302,27
CatAqft,T,27,9,8542,27
CatAqft,T,27,10,8800,27
CatAqft,T,28,1,3928,11
CatAqft,T,28,2,4944,14
CatAqft,T,28,3,5870,17
CatAqft,T,28,4,6686,19
CatAqft,T,28,5,7356,22
CatAqft,T,28,6,8024,25
CatAqft,T,28,7,8518,27
CatAqft,T,28,8,8848,28
CatAqft,T,28,9,9112,28
CatAqft,T,28,10,9370,28
CatAqft,T,29,1,4096,11
CatAqft,T,29,2,5158,14
CatAqft,T,29,3,6134,17
CatAqft,T,29,4,7030,20
CatAqft,T,29,5,7816,22
CatAqft,T,29,6,8438,25
CatAqft,T,29,7,8986,27
CatAqft,T,29,8,9432,29
CatAqft,T,29,9,9686,29
CatAqft,T,29,10,9962,29
CatAqft,T,30,1,4256,11
CatAqft,T,30,2,5366,14
CatAqft,T,30,3,6410,17
CatAqft,T,30,4,7342,20
CatAqft,T,30,5,8208,23
CatAqft,T,30,6,8892,25
CatAqft,T,30,7,9526,28
CatAqft,T,30,8,9986,29
CatAqft,T,30,9,10292,30
CatAqft,T,30,10,10560,30
CatAqft,T,31,1,4422,11
CatAqft,T,31,2,5580,14
CatAqft,T,31,3,6674,17
CatAqft,T,31,4,7654,20
CatAqft,T,31,5,8568,23
CatAqft,T,31,6,9376,26
CatAqft,T,31,7,9994,28
CatAqft,T,31,8,10548,30
CatAqft,T,31,9,10910,31
CatAqft,T,31,10,11186,31
CatAqft,T,32,1,4586,11
CatAqft,T,32,2,5794,14
CatAqft,T,32,3,6934,17
CatAqft,T,32,4,7986,20
CatAqft,T,32,5,8940,23
CatAqft,T,32,6,9792,26
CatAqft,T,32,7,10496,28
CatAqft,T,32,8,11110,30
CatAqft,T,32,9,11548,32
CatAqft,T,32,10,11834,32
Aqft,CNOT,4,2,36,4
Aqft,CNOT,4,5,36,4
Aqft,CNOT,4,1,36,4
Aqft,CNOT,4,6,36,4
Aqft,CNOT,4,4,36,4
Aqft,CNOT,4,8,36,4
Aqft,CNOT,4,7,36,4
Aqft,CNOT,4,3,36,4
Aqft,CNOT,4,10,36,4
Aqft,CNOT,4,9,36,4
Aqft,CNOT,5,1,68,5
Aqft,CNOT,5,2,68,5
Aqft,CNOT,5,4,68,5
Aqft,CNOT,5,6,68,5
Aqft,CNOT,5,8,68,5
Aqft,CNOT,5,3,68,5
Aqft,CNOT,5,5,68,5
Aqft,CNOT,6,2,110,6
Aqft,CNOT,5,7,68,5
Aqft,CNOT,5,9,68,5
Aqft,CNOT,6,3,110,6
Aqft,CNOT,5,10,68,5
Aqft,CNOT,6,1,110,6
Aqft,CNOT,6,6,110,6
Aqft,CNOT,6,4,110,6
Aqft,CNOT,6,5,110,6
Aqft,CNOT,6,7,110,6
Aqft,CNOT,6,8,110,6
Aqft,CNOT,7,2,162,7
Aqft,CNOT,7,3,162,7
Aqft,CNOT,7,1,152,6
Aqft,CNOT,6,10,110,6
Aqft,CNOT,7,6,162,7
Aqft,CNOT,6,9,110,6
Aqft,CNOT,7,4,162,7
Aqft,CNOT,8,2,224,8
Aqft,CNOT,7,5,162,7
Aqft,CNOT,8,1,214,7
Aqft,CNOT,7,7,162,7
Aqft,CNOT,8,4,224,8
Aqft,CNOT,8,3,224,8
Aqft,CNOT,7,9,162,7
Aqft,CNOT,7,10,162,7
Aqft,CNOT,7,8,162,7
Aqft,CNOT,8,6,224,8
Aqft,CNOT,8,5,224,8
Aqft,CNOT,8,7,224,8
Aqft,CNOT,8,9,224,8
Aqft,CNOT,9,3,296,9
Aqft,CNOT,8,8,224,8
Aqft,CNOT,8,10,224,8
Aqft,CNOT,9,4,296,9
Aqft,CNOT,9,2,296,9
Aqft,CNOT,9,5,296,9
Aqft,CNOT,9,1,266,7
Aqft,CNOT,9,6,296,9
Aqft,CNOT,9,9,296,9
Aqft,CNOT,9,8,296,9
Aqft,CNOT,9,7,296,9
Aqft,CNOT,10,3,378,10
Aqft,CNOT,10,1,348,8
Aqft,CNOT,9,10,296,9
Aqft,CNOT,10,2,378,10
Aqft,CNOT,10,5,378,10
Aqft,CNOT,10,4,378,10
Aqft,CNOT,10,6,378,10
Aqft,CNOT,10,8,378,10
Aqft,CNOT,11,3,470,11
Aqft,CNOT,10,7,378,10
Aqft,CNOT,10,9,378,10
Aqft,CNOT,10,10,378,10
Aqft,CNOT,11,1,410,8
Aqft,CNOT,11,5,470,11
Aqft,CNOT,11,2,460,10
Aqft,CNOT,11,4,470,11
Aqft,CNOT,11,8,470,11
Aqft,CNOT,11,6,470,11
Aqft,CNOT,11,7,470,11
Aqft,CNOT,11,10,470,11
Aqft,CNOT,11,9,470,11
Aqft,CNOT,12,4,572,12
Aqft,CNOT,12,3,572,12
Aqft,CNOT,12,5,572,12
Aqft,CNOT,12,6,572,12
Aqft,CNOT,12,1,512,9
Aqft,CNOT,12,8,572,12
Aqft,CNOT,12,2,562,11
Aqft,CNOT,12,7,572,12
Aqft,CNOT,12,10,572,12
Aqft,CNOT,12,9,572,12
Aqft,CNOT,13,5,684,13
Aqft,CNOT,13,4,684,13
Aqft,CNOT,13,2,654,11
Aqft,CNOT,13,3,684,13
Aqft,CNOT,13,6,684,13
Aqft,CNOT,13,7,684,13
Aqft,CNOT,13,8,684,13
Aqft,CNOT,13,1,584,9
Aqft,CNOT,13,10,684,13
Aqft,CNOT,14,5,806,14
Aqft,CNOT,14,4,806,14
Aqft,CNOT,13,9,684,13
Aqft,CNOT,14,7,806,14
Aqft,CNOT,14,6,806,14
Aqft,CNOT,14,3,806,14
Aqft,CNOT,14,2,776,12
Aqft,CNOT,14,1,656,9
Aqft,CNOT,14,8,806,14
Aqft,CNOT,14,9,806,14
Aqft,CNOT,15,4,938,15
Aqft,CNOT,14,10,806,14
Aqft,CNOT,15,5,938,15
Aqft,CNOT,15,6,938,15
Aqft,CNOT,15,8,938,15
Aqft,CNOT,15,7,938,15
Aqft,CNOT,15,10,938,15
Aqft,CNOT,15,3,938,15
Aqft,CNOT,16,5,1080,16
Aqft,CNOT,15,9,938,15
Aqft,CNOT,15,1,728,9
Aqft,CNOT,16,6,1080,16
Aqft,CNOT,16,7,1080,16
Aqft,CNOT,15,2,878,12
Aqft,CNOT,16,8,1080,16
Aqft,CNOT,16,3,1070,15
Aqft,CNOT,16,4,1080,16
Aqft,CNOT,16,2,1020,13
Aqft,CNOT,17,5,1232,17
Aqft,CNOT,16,10,1080,16
Aqft,CNOT,16,9,1080,16
Aqft,CNOT,17,6,1232,17
Aqft,CNOT,17,8,1232,17
Aqft,CNOT,16,1,870,10
Aqft,CNOT,17,4,1232,17
Aqft,CNOT,17,7,1232,17
Aqft,CNOT,17,9,1232,17
Aqft,CNOT,18,5,1394,18
Aqft,CNOT,18,6,1394,18
Aqft,CNOT,17,10,1232,17
Aqft,CNOT,17,3,1202,15
Aqft,CNOT,18,7,1394,18
Aqft,CNOT,18,4,1394,18
Aqft,CNOT,17,1,952,10
Aqft,CNOT,17,2,1132,13
Aqft,CNOT,18,8,1394,18
Aqft,CNOT,18,9,1394,18
Aqft,CNOT,19,5,1566,19
Aqft,CNOT,18,10,1394,18
Aqft,CNOT,18,3,1334,15
Aqft,CNOT,19,6,1566,19
Aqft,CNOT,19,7,1566,19
Aqft,CNOT,19,9,1566,19
Aqft,CNOT,19,8,1566,19
Aqft,CNOT,19,10,1566,19
Aqft,CNOT,18,2,1244,13
Aqft,CNOT,18,1,1034,10
Aqft,CNOT,19,4,1566,19
Aqft,CNOT,20,6,1748,20
Aqft,CNOT,20,7,1748,20
Aqft,CNOT,20,8,1748,20
Aqft,CNOT,19,1,1116,10
Aqft,CNOT,20,4,1738,19
Aqft,CNOT,20,9,1748,20
Aqft,CNOT,20,5,1748,20
Aqft,CNOT,19,3,1506,16
Aqft,CNOT,19,2,1356,13
Aqft,CNOT,20,10,1748,20
Aqft,CNOT,21,6,1940,21
Aqft,CNOT,21,8,1940,21
Aqft,CNOT,21,7,1940,21
Aqft,CNOT,20,3,1648,16
Aqft,CNOT,21,5,1940,21
Aqft,CNOT,20,1,1198,10
Aqft,CNOT,20,2,1468,13
Aqft,CNOT,21,9,1940,21
Aqft,CNOT,21,10,1940,21
Aqft,CNOT,22,6,2142,22
Aqft,CNOT,22,8,2142,22
Aqft,CNOT,21,4,1880,18
Aqft,CNOT,22,7,2142,22
Aqft,CNOT,21,1,1390,11
Aqft,CNOT,22,10,2142,22
Aqft,CNOT,22,9,2142,22
Aqft,CNOT,21,2,1580,13
Aqft,CNOT,22,5,2142,22
Aqft,CNOT,21,3,1790,16
Aqft,CNOT,23,8,2354,23
Aqft,CNOT,23,7,2354,23
Aqft,CNOT,23,9,2354,23
Aqft,CNOT,22,4,2082,19
Aqft,CNOT,22,1,1482,11
Aqft,CNOT,23,6,2354,23
Aqft,CNOT,22,3,1932,16
Aqft,CNOT,23,10,2354,23
Aqft,CNOT,23,5,2344,22
Aqft,CNOT,22,2,1692,13
Aqft,CNOT,24,7,2576,24
Aqft,CNOT,24,8,2576,24
Aqft,CNOT,24,6,2576,24
Aqft,CNOT,24,9,2576,24
Aqft,CNOT,23,1,1444,10
Aqft,CNOT,23,4,2254,19
Aqft,CNOT,24,10,2576,24
Aqft,CNOT,23,3,2074,16
Aqft,CNOT,23,2,1804,13
Aqft,CNOT,25,7,2808,25
Aqft,CNOT,25,9,2808,25
Aqft,CNOT,25,8,2808,25
Aqft,CNOT,24,4,2426,19
Aqft,CNOT,24,5,2566,23
Aqft,CNOT,25,10,2808,25
Aqft,CNOT,24,1,1526,10
Aqft,CNOT,24,3,2296,17
Aqft,CNOT,24,2,1916,13
Aqft,CNOT,25,6,2808,25
Aqft,CNOT,26,8,3050,26
Aqft,CNOT,26,9,3050,26
Aqft,CNOT,25,5,2748,22
Aqft,CNOT,26,7,3050,26
Aqft,CNOT,26,10,3050,26
Aqft,CNOT,25,2,2148,14
Aqft,CNOT,26,6,3050,26
Aqft,CNOT,25,4,2658,20
Aqft,CNOT,25,1,1608,10
Aqft,CNOT,25,3,2448,17
Aqft,CNOT,27,9,3302,27
Aqft,CNOT,27,8,3302,27
Aqft,CNOT,26,4,2840,20
Aqft,CNOT,26,5,2950,22
Aqft,CNOT,26,2,2270,14
Aqft,CNOT,27,10,3302,27
Aqft,CNOT,26,1,1850,11
Aqft,CNOT,27,7,3302,27
Aqft,CNOT,28,8,3564,28
Aqft,CNOT,26,3,2600,17
Aqft,CNOT,28,9,3564,28
Aqft,CNOT,27,6,3302,27
Aqft,CNOT,28,7,3564,28
Aqft,CNOT,27,4,3022,20
Aqft,CNOT,28,10,3564,28
Aqft,CNOT,27,1,1942,11
Aqft,CNOT,27,5,3202,23
Aqft,CNOT,27,2,2392,14
Aqft,CNOT,27,3,2752,17
Aqft,CNOT,28,6,3504,25
Aqft,CNOT,29,8,3836,29
Aqft,CNOT,28,1,2034,11
Aqft,CNOT,28,2,2514,14
Aqft,CNOT,29,9,3836,29
Aqft,CNOT,28,3,2904,17
Aqft,CNOT,28,4,3204,20
Aqft,CNOT,29,10,3836,29
Aqft,CNOT,28,5,3414,23
Aqft,CNOT,29,7,3836,29
Aqft,CNOT,30,9,4118,30
Aqft,CNOT,29,6,3776,26
Aqft,CNOT,30,10,4118,30
Aqft,CNOT,30,8,4118,30
Aqft,CNOT,29,1,2126,11
Aqft,CNOT,29,2,2636,14
Aqft,CNOT,29,4,3386,20
Aqft,CNOT,29,3,3056,17
Aqft,CNOT,30,7,4118,30
Aqft,CNOT,29,5,3626,23
Aqft,CNOT,30,1,2218,11
Aqft,CNOT,30,2,2758,14
Aqft,CNOT,31,10,4410,31
Aqft,CNOT,31,9,4410,31
Aqft,CNOT,30,4,3668,21
Aqft,CNOT,30,6,4018,26
Aqft,CNOT,30,5,3838,23
Aqft,CNOT,31,8,4410,31
Aqft,CNOT,30,3,3338,18
Aqft,CNOT,31,7,4380,29
Aqft,CNOT,31,1,2310,11
Aqft,CNOT,32,9,4712,32
Aqft,CNOT,32,10,4712,32
Aqft,CNOT,31,4,3860,21
Aqft,CNOT,31,2,2880,14
Aqft,CNOT,31,5,4050,23
Aqft,CNOT,31,6,4260,26
Aqft,CNOT,31,3,3500,18
Aqft,CNOT,32,8,4702,31
Aqft,CNOT,32,7,4682,30
Aqft,CNOT,32,1,2402,11
Aqft,CNOT,32,6,4502,26
Aqft,CNOT,32,2,3002,14
Aqft,CNOT,32,4,4052,21
Aqft,CNOT,32,3,3512,17
Aqft,CNOT,32,5,4352,24
CatAqft,CNOT,4,1,144,4
CatAqft,CNOT,4,2,144,4
CatAqft,CNOT,4,4,144,4
CatAqft,CNOT,4,3,144,4
CatAqft,CNOT,4,7,144,4
CatAqft,CNOT,4,5,144,4
CatAqft,CNOT,4,8,144,4
CatAqft,CNOT,4,6,144,4
CatAqft,CNOT,5,1,244,5
CatAqft,CNOT,4,9,144,4
CatAqft,CNOT,4,10,144,4
CatAqft,CNOT,5,2,244,5
CatAqft,CNOT,5,4,244,5
CatAqft,CNOT,5,3,244,5
CatAqft,CNOT,5,6,244,5
CatAqft,CNOT,5,7,244,5
CatAqft,CNOT,5,5,244,5
CatAqft,CNOT,5,9,244,5
CatAqft,CNOT,5,10,244,5
CatAqft,CNOT,6,2,370,6
CatAqft,CNOT,6,3,370,6
CatAqft,CNOT,6,1,370,6
CatAqft,CNOT,5,8,244,5
CatAqft,CNOT,6,4,370,6
CatAqft,CNOT,6,6,370,6
CatAqft,CNOT,6,5,370,6
CatAqft,CNOT,6,7,370,6
CatAqft,CNOT,7,3,522,7
CatAqft,CNOT,6,8,370,6
CatAqft,CNOT,7,2,522,7
CatAqft,CNOT,7,4,522,7
CatAqft,CNOT,6,9,370,6
CatAqft,CNOT,6,10,370,6
CatAqft,CNOT,7,1,496,6
CatAqft,CNOT,7,5,522,7
CatAqft,CNOT,7,6,522,7
CatAqft,CNOT,7,9,522,7
CatAqft,CNOT,7,8,522,7
CatAqft,CNOT,7,7,522,7
CatAqft,CNOT,7,10,522,7
CatAqft,CNOT,8,2,700,8
CatAqft,CNOT,8,1,674,7
CatAqft,CNOT,8,3,700,8
CatAqft,CNOT,8,4,700,8
CatAqft,CNOT,8,5,700,8
CatAqft,CNOT,8,6,700,8
CatAqft,CNOT,9,2,904,9
CatAqft,CNOT,8,7,700,8
CatAqft,CNOT,8,8,700,8
CatAqft,CNOT,8,10,700,8
CatAqft,CNOT,8,9,700,8
CatAqft,CNOT,9,1,826,7
CatAqft,CNOT,9,3,904,9
CatAqft,CNOT,9,4,904,9
CatAqft,CNOT,9,5,904,9
CatAqft,CNOT,9,6,904,9
CatAqft,CNOT,9,7,904,9
CatAqft,CNOT,9,8,904,9
CatAqft,CNOT,9,9,904,9
CatAqft,CNOT,9,10,904,9
CatAqft,CNOT,10,1,1056,8
CatAqft,CNOT,10,3,1134,10
CatAqft,CNOT,10,2,1108,9
CatAqft,CNOT,10,4,1134,10
CatAqft,CNOT,10,5,1134,10
CatAqft,CNOT,10,6,1134,10
CatAqft,CNOT,10,7,1134,10
CatAqft,CNOT,10,8,1134,10
CatAqft,CNOT,10,9,1134,10
CatAqft,CNOT,10,10,1134,10
CatAqft,CNOT,11,3,1390,11
CatAqft,CNOT,11,4,1390,11
CatAqft,CNOT,11,1,1234,8
CatAqft,CNOT,11,2,1364,10
CatAqft,CNOT,11,5,1390,11
CatAqft,CNOT,11,7,1390,11
CatAqft,CNOT,11,6,1390,11
CatAqft,CNOT,11,8,1390,11
CatAqft,CNOT,11,9,1390,11
CatAqft,CNOT,12,3,1672,12
CatAqft,CNOT,12,4,1672,12
CatAqft,CNOT,11,10,1390,11
CatAqft,CNOT,12,5,1672,12
CatAqft,CNOT,12,6,1672,12
CatAqft,CNOT,12,10,1672,12
CatAqft,CNOT,12,7,1672,12
CatAqft,CNOT,12,2,1594,10
CatAqft,CNOT,12,9,1672,12
CatAqft,CNOT,12,8,1672,12
CatAqft,CNOT,12,1,1412,8
CatAqft,CNOT,13,4,1980,13
CatAqft,CNOT,13,3,1954,12
CatAqft,CNOT,13,5,1980,13
CatAqft,CNOT,13,2,1902,11
CatAqft,CNOT,13,6,1980,13
CatAqft,CNOT,13,7,1980,13
CatAqft,CNOT,13,8,1980,13
CatAqft,CNOT,13,9,1980,13
CatAqft,CNOT,14,4,2314,14
CatAqft,CNOT,13,1,1720,9
CatAqft,CNOT,14,8,2314,14
CatAqft,CNOT,14,6,2314,14
CatAqft,CNOT,13,10,1980,13
CatAqft,CNOT,14,5,2314,14
CatAqft,CNOT,14,3,2288,13
CatAqft,CNOT,14,9,2314,14
CatAqft,CNOT,14,7,2314,14
CatAqft,CNOT,14,2,2158,11
CatAqft,CNOT,14,10,2314,14
CatAqft,CNOT,14,1,1924,9
CatAqft,CNOT,15,5,2674,15
CatAqft,CNOT,15,4,2674,15
CatAqft,CNOT,15,6,2674,15
CatAqft,CNOT,15,8,2674,15
CatAqft,CNOT,15,7,2674,15
CatAqft,CNOT,15,3,2648,14
CatAqft,CNOT,15,9,2674,15
CatAqft,CNOT,15,1,2128,9
CatAqft,CNOT,15,10,2674,15
CatAqft,CNOT,15,2,2414,11
CatAqft,CNOT,16,5,3060,16
CatAqft,CNOT,16,6,3060,16
CatAqft,CNOT,16,7,3060,16
CatAqft,CNOT,16,8,3060,16
CatAqft,CNOT,16,3,2982,14
CatAqft,CNOT,16,4,3060,16
CatAqft,CNOT,16,2,2800,12
CatAqft,CNOT,16,10,3060,16
CatAqft,CNOT,16,9,3060,16
CatAqft,CNOT,17,5,3472,17
CatAqft,CNOT,17,6,3472,17
CatAqft,CNOT,17,7,3472,17
CatAqft,CNOT,16,1,2332,9
CatAqft,CNOT,17,4,3446,16
CatAqft,CNOT,18,5,3910,18
CatAqft,CNOT,17,9,3472,17
CatAqft,CNOT,17,8,3472,17
CatAqft,CNOT,17,3,3316,14
CatAqft,CNOT,18,6,3910,18
CatAqft,CNOT,17,10,3472,17
CatAqft,CNOT,18,4,3884,17
CatAqft,CNOT,17,2,3082,12
CatAqft,CNOT,18,7,3910,18
CatAqft,CNOT,18,9,3910,18
CatAqft,CNOT,17,1,2536,9
CatAqft,CNOT,18,3,3754,15
CatAqft,CNOT,18,10,3910,18
CatAqft,CNOT,18,8,3910,18
CatAqft,CNOT,19,5,4374,19
CatAqft,CNOT,19,6,4374,19
CatAqft,CNOT,19,7,4374,19
CatAqft,CNOT,18,2,3364,12
CatAqft,CNOT,19,4,4296,17
CatAqft,CNOT,19,10,4374,19
CatAqft,CNOT,19,9,4374,19
CatAqft,CNOT,19,8,4374,19
CatAqft,CNOT,18,1,2740,9
CatAqft,CNOT,20,7,4864,20
CatAqft,CNOT,20,6,4864,20
CatAqft,CNOT,20,4,4786,18
CatAqft,CNOT,20,5,4838,19
CatAqft,CNOT,19,3,4114,15
CatAqft,CNOT,20,9,4864,20
CatAqft,CNOT,20,8,4864,20
CatAqft,CNOT,20,10,4864,20
CatAqft,CNOT,19,1,3204,10
CatAqft,CNOT,19,2,3646,12
CatAqft,CNOT,20,3,4474,15
CatAqft,CNOT,20,2,4136,13
CatAqft,CNOT,21,7,5380,21
CatAqft,CNOT,21,8,5380,21
CatAqft,CNOT,21,5,5354,20
CatAqft,CNOT,21,6,5380,21
CatAqft,CNOT,21,9,5380,21
CatAqft,CNOT,21,10,5380,21
CatAqft,CNOT,22,7,5922,22
CatAqft,CNOT,22,6,5922,22
CatAqft,CNOT,21,4,5224,18
CatAqft,CNOT,20,1,3434,10
CatAqft,CNOT,22,8,5922,22
CatAqft,CNOT,22,9,5922,22
CatAqft,CNOT,22,10,5922,22
CatAqft,CNOT,21,1,3664,10
CatAqft,CNOT,21,3,4990,16
CatAqft,CNOT,22,5,5844,20
CatAqft,CNOT,22,4,5662,18
CatAqft,CNOT,21,2,4444,13
CatAqft,CNOT,23,7,6490,23
CatAqft,CNOT,23,9,6490,23
CatAqft,CNOT,23,8,6490,23
CatAqft,CNOT,23,6,6490,23
CatAqft,CNOT,22,3,5376,16
CatAqft,CNOT,23,10,6490,23
CatAqft,CNOT,22,2,4752,13
CatAqft,CNOT,23,5,6412,21
CatAqft,CNOT,22,1,3894,10
CatAqft,CNOT,24,7,7084,24
CatAqft,CNOT,23,4,6230,19
CatAqft,CNOT,24,9,7084,24
CatAqft,CNOT,24,8,7084,24
CatAqft,CNOT,24,10,7084,24
CatAqft,CNOT,24,6,7058,23
CatAqft,CNOT,23,1,4124,10
CatAqft,CNOT,23,3,5762,16
CatAqft,CNOT,23,2,5060,13
CatAqft,CNOT,24,5,6928,21
CatAqft,CNOT,25,8,7704,25
CatAqft,CNOT,24,4,6694,19
CatAqft,CNOT,25,7,7704,25
CatAqft,CNOT,25,9,7704,25
CatAqft,CNOT,25,10,7704,25
CatAqft,CNOT,24,3,6148,16
CatAqft,CNOT,25,6,7678,24
CatAqft,CNOT,24,2,5368,13
CatAqft,CNOT,24,1,4354,10
CatAqft,CNOT,26,8,8350,26
CatAqft,CNOT,26,9,8350,26
CatAqft,CNOT,25,4,7158,19
CatAqft,CNOT,25,5,7548,22
CatAqft,CNOT,26,7,8350,26
CatAqft,CNOT,26,10,8350,26
CatAqft,CNOT,25,1,4584,10
CatAqft,CNOT,26,6,8272,24
CatAqft,CNOT,25,3,6534,16
CatAqft,CNOT,27,8,9022,27
CatAqft,CNOT,25,2,5676,13
CatAqft,CNOT,27,9,9022,27
CatAqft,CNOT,26,5,8090,22
CatAqft,CNOT,27,7,8996,26
CatAqft,CNOT,27,10,9022,27
CatAqft,CNOT,26,4,7622,19
CatAqft,CNOT,26,3,6920,16
CatAqft,CNOT,26,2,5984,13
CatAqft,CNOT,27,6,8866,24
CatAqft,CNOT,27,5,8632,22
CatAqft,CNOT,26,1,4814,10
CatAqft,CNOT,28,9,9720,28
CatAqft,CNOT,28,8,9720,28
CatAqft,CNOT,28,7,9694,27
CatAqft,CNOT,27,4,8086,19
CatAqft,CNOT,28,10,9720,28
CatAqft,CNOT,27,3,7306,16
CatAqft,CNOT,28,6,9564,25
CatAqft,CNOT,27,1,5044,10
CatAqft,CNOT,27,2,6292,13
CatAqft,CNOT,28,5,9174,22
CatAqft,CNOT,29,9,10444,29
CatAqft,CNOT,29,10,10444,29
CatAqft,CNOT,29,8,10444,29
CatAqft,CNOT,29,7,10366,27
CatAqft,CNOT,28,3,8004,17
CatAqft,CNOT,28,4,8550,19
CatAqft,CNOT,28,2,6990,14
CatAqft,CNOT,28,1,5742,11
CatAqft,CNOT,29,6,10184,25
CatAqft,CNOT,30,9,11194,30
CatAqft,CNOT,30,10,11194,30
CatAqft,CNOT,29,5,9716,22
CatAqft,CNOT,29,4,9274,20
CatAqft,CNOT,30,8,11168,29
CatAqft,CNOT,29,3,8416,17
CatAqft,CNOT,29,1,5998,11
CatAqft,CNOT,29,2,7324,14
CatAqft,CNOT,30,7,11116,28
CatAqft,CNOT,31,9,11970,31
CatAqft,CNOT,30,6,10804,25
CatAqft,CNOT,30,5,10466,23
CatAqft,CNOT,31,10,11970,31
CatAqft,CNOT,30,1,6254,11
CatAqft,CNOT,31,8,11944,30
CatAqft,CNOT,30,2,7658,14
CatAqft,CNOT,30,4,9764,20
CatAqft,CNOT,30,3,8828,17
CatAqft,CNOT,31,7,11814,28
CatAqft,CNOT,32,9,12772,32
CatAqft,CNOT,32,10,12772,32
CatAqft,CNOT,32,8,12694,30
CatAqft,CNOT,31,5,11034,23
CatAqft,CNOT,31,6,11580,26
CatAqft,CNOT,31,3,9240,17
CatAqft,CNOT,31,1,6510,11
CatAqft,CNOT,31,4,10254,20
CatAqft,CNOT,32,7,12512,28
CatAqft,CNOT,31,2,7992,14
CatAqft,CNOT,32,6,12226,26
CatAqft,CNOT,32,4,10744,20
CatAqft,CNOT,32,5,11602,23
CatAqft,CNOT,32,2,8326,14
CatAqft,CNOT,32,1,6766,11
CatAqft,CNOT,32,3,9652,17
